{
  "timestamp": "2025-09-14T05:06:12.504467",
  "test_dataset_size": 5,
  "retrieval_quality": {
    "bm25": {
      "hit_rate": 0.0,
      "mrr": 0.0,
      "precision": 0.0,
      "total_queries": 5
    },
    "vector": {
      "hit_rate": 0.8,
      "mrr": 0.8,
      "precision": 0.2,
      "total_queries": 5
    },
    "hybrid_reranked": {
      "hit_rate": 0.8,
      "mrr": 0.8,
      "precision": 0.4,
      "total_queries": 5
    }
  },
  "response_quality": {
    "avg_response_time": 4.124838209152221,
    "p95_response_time": 5.428009080886841,
    "rouge_scores": {
      "rouge1": 0.48452558370591153,
      "rouge2": 0.35989207523897626,
      "rougeL": 0.4169943444533608
    },
    "avg_llm_judge_score": 3.0,
    "success_rate": 1.0,
    "total_queries": 5
  },
  "total_evaluation_time": 56.71211576461792
}